<?xml version="1.0" encoding="utf-8"?>
<modification>
    <name>Custom Category Template + JSON-LD + Price</name>
    <code>custom_category_template_jsonld_price</code>
    <version>1.5</version>
    <author>Custom Category Template</author>
    <link>https://github.com/webitproff/oc-custom_category_template_jsonld_price</link>

    <file path="catalog/controller/product/product.php">
        <operation>
            <search><![CDATA[$this->response->setOutput($this->load->view('product/product', $data));]]></search>
            <add position="before"><![CDATA[
                // --- Custom Category Template Override ---
                
                // default template
                $template = 'product/product';

                if (isset($product_info)) {
                    $categories = $this->model_catalog_product->getCategories($this->request->get['product_id']);

                    $custom_templates = [
                        468 => 'product/product_generator',
                        // 455 => 'product/product_ebike',
                        // 785 => 'product/product_escooter'
                    ];

                    if ($categories) {
                        foreach ($categories as $category) {
                            if (isset($custom_templates[$category['category_id']])) {
                                $template = $custom_templates[$category['category_id']];
                                break;
                            }
                        }
                    }

                    // --- JSON-LD fields ---
                    $data['oct_micro_heading_title'] = $product_info['name'];
                    $data['oct_description_microdata'] = html_entity_decode($product_info['description'], ENT_QUOTES, 'UTF-8');
					// Заменяем <br> и <br /> на пробел
					$clean_description = preg_replace('#<br\s*/?>#i', ' ', $data['oct_description_microdata']);

                    // JSON-safe для Twig (экранируем спецсимволы, но оставляем текст)
                    $data['oct_micro_heading_title_json'] = json_encode($data['oct_micro_heading_title'], JSON_UNESCAPED_UNICODE | JSON_UNESCAPED_SLASHES);
                    //$data['oct_description_microdata_json'] = json_encode(strip_tags($data['oct_description_microdata']), JSON_UNESCAPED_UNICODE | JSON_UNESCAPED_SLASHES);
					$data['oct_description_microdata_json'] = json_encode(strip_tags($clean_description), JSON_UNESCAPED_UNICODE | JSON_UNESCAPED_SLASHES);

                    $data['text_buy_description'] = sprintf(
                        $this->language->get('text_buy_description'),
                        $product_info['name'],
                        $product_info['name']
                    );

                    // --- Добавляем цену и валюту для JSON-LD ---
                    $price = $product_info['special'] ?: $product_info['price'];
                    $data['oct_price_microdata'] = (float) $price; // без лишних нулей
                    $data['oct_price_currency'] = $this->session->data['currency'] ?? 'UAH';
                    $data['out_of_stock'] = ($product_info['quantity'] <= 0);
                }
            ]]></add>
            <operation>
                <search><![CDATA[$this->response->setOutput($this->load->view('product/product', $data));]]></search>
                <add position="replace"><![CDATA[
                    $this->response->setOutput($this->load->view($template, $data));
                ]]></add>
            </operation>
        </operation>
    </file>
</modification>
